Ref,Val,Package,PosX,PosY,Rot,Side
"C1","100n","C_0805",48.680000,-26.670000,180.000000,top
"R1","22k","R_0805",46.990000,-48.895000,180.000000,top
"R2","22k","R_0805",52.070000,-26.035000,270.000000,top
"TP1","~OE~","Tyco_RCU_0603_Paste",49.784000,-51.943000,0.000000,top
"TP2","~WE~","Tyco_RCU_0603_Paste",46.736000,-51.943000,0.000000,top
"U1","39SF010","PLCC-32",48.260000,-36.830000,0.000000,top
